Unnamed: 0,Month,Workingday,Temperature,Temp2,Humidity,Windspeed,Season_1,Season_2,Season_3,Season_4,Weathersit_1,Weathersit_2,Weathersit_3,Holiday_0,Weekday_0,Weekday_1,Weekday_2,Weekday_3,Weekday_4,Weekday_5,Weekday_6,Count
0,1,0,0.344167,0.363625,0.805833,0.160446,1,0,0,0,0,1,0,1,0,0,0,0,0,0,1,985
1,1,0,0.363478,0.353739,0.696087,0.248539,1,0,0,0,0,1,0,1,1,0,0,0,0,0,0,801
2,1,1,0.196364,0.189405,0.437273,0.248309,1,0,0,0,1,0,0,1,0,1,0,0,0,0,0,1349
3,1,1,0.2,0.212122,0.590435,0.160296,1,0,0,0,1,0,0,1,0,0,1,0,0,0,0,1562
4,1,1,0.226957,0.22927,0.436957,0.1869,1,0,0,0,1,0,0,1,0,0,0,1,0,0,0,1600
5,1,1,0.204348,0.23320900000000006,0.518261,0.0895652,1,0,0,0,1,0,0,1,0,0,0,0,1,0,0,1606
6,1,1,0.196522,0.208839,0.498696,0.168726,1,0,0,0,0,1,0,1,0,0,0,0,0,1,0,1510
7,1,0,0.165,0.162254,0.535833,0.266804,1,0,0,0,0,1,0,1,0,0,0,0,0,0,1,959
8,1,0,0.13833299999999998,0.116175,0.434167,0.36195,1,0,0,0,1,0,0,1,1,0,0,0,0,0,0,822
9,1,1,0.150833,0.15088800000000002,0.482917,0.223267,1,0,0,0,1,0,0,1,0,1,0,0,0,0,0,1321
10,1,1,0.16909100000000002,0.191464,0.6863640000000001,0.122132,1,0,0,0,0,1,0,1,0,0,1,0,0,0,0,1263
11,1,1,0.172727,0.160473,0.599545,0.304627,1,0,0,0,1,0,0,1,0,0,0,1,0,0,0,1162
12,1,1,0.165,0.150883,0.470417,0.301,1,0,0,0,1,0,0,1,0,0,0,0,1,0,0,1406
13,1,1,0.16087,0.188413,0.537826,0.126548,1,0,0,0,1,0,0,1,0,0,0,0,0,1,0,1421
14,1,0,0.233333,0.248112,0.49875,0.15796300000000002,1,0,0,0,0,1,0,1,0,0,0,0,0,0,1,1248
15,1,0,0.231667,0.234217,0.48375,0.188433,1,0,0,0,1,0,0,1,1,0,0,0,0,0,0,1204
16,1,0,0.175833,0.176771,0.5375,0.194017,1,0,0,0,0,1,0,1,0,1,0,0,0,0,0,1000
17,1,1,0.216667,0.232333,0.861667,0.146775,1,0,0,0,0,1,0,1,0,0,1,0,0,0,0,683
18,1,1,0.292174,0.298422,0.741739,0.208317,1,0,0,0,0,1,0,1,0,0,0,1,0,0,0,1650
19,1,1,0.261667,0.25505,0.538333,0.195904,1,0,0,0,0,1,0,1,0,0,0,0,1,0,0,1927
20,1,1,0.1775,0.157833,0.457083,0.353242,1,0,0,0,1,0,0,1,0,0,0,0,0,1,0,1543
21,1,0,0.0591304,0.0790696,0.4,0.17197,1,0,0,0,1,0,0,1,0,0,0,0,0,0,1,981
22,1,0,0.0965217,0.0988391,0.436522,0.2466,1,0,0,0,1,0,0,1,1,0,0,0,0,0,0,986
23,1,1,0.0973913,0.11793,0.491739,0.15833,1,0,0,0,1,0,0,1,0,1,0,0,0,0,0,1416
24,1,1,0.223478,0.234526,0.616957,0.129796,1,0,0,0,0,1,0,1,0,0,1,0,0,0,0,1985
25,1,1,0.2175,0.2036,0.8625,0.29385,1,0,0,0,0,0,1,1,0,0,0,1,0,0,0,506
26,1,1,0.195,0.2197,0.6875,0.113837,1,0,0,0,1,0,0,1,0,0,0,0,1,0,0,431
27,1,1,0.203478,0.223317,0.793043,0.1233,1,0,0,0,0,1,0,1,0,0,0,0,0,1,0,1167
28,1,0,0.196522,0.212126,0.6517390000000001,0.14536500000000002,1,0,0,0,1,0,0,1,0,0,0,0,0,0,1,1098
29,1,0,0.216522,0.250322,0.722174,0.0739826,1,0,0,0,1,0,0,1,1,0,0,0,0,0,0,1096
30,1,1,0.180833,0.18625,0.60375,0.187192,1,0,0,0,0,1,0,1,0,1,0,0,0,0,0,1501
31,2,1,0.192174,0.23453,0.829565,0.053213,1,0,0,0,0,1,0,1,0,0,1,0,0,0,0,1360
32,2,1,0.26,0.254417,0.775417,0.264308,1,0,0,0,0,1,0,1,0,0,0,1,0,0,0,1526
33,2,1,0.186957,0.177878,0.4378260000000001,0.277752,1,0,0,0,1,0,0,1,0,0,0,0,1,0,0,1550
34,2,1,0.211304,0.228587,0.585217,0.127839,1,0,0,0,0,1,0,1,0,0,0,0,0,1,0,1708
35,2,0,0.233333,0.243058,0.929167,0.161079,1,0,0,0,0,1,0,1,0,0,0,0,0,0,1,1005
36,2,0,0.285833,0.291671,0.568333,0.1418,1,0,0,0,1,0,0,1,1,0,0,0,0,0,0,1623
37,2,1,0.271667,0.303658,0.738333,0.045408300000000006,1,0,0,0,1,0,0,1,0,1,0,0,0,0,0,1712
38,2,1,0.220833,0.198246,0.537917,0.36195,1,0,0,0,1,0,0,1,0,0,1,0,0,0,0,1530
39,2,1,0.134783,0.144283,0.494783,0.188839,1,0,0,0,0,1,0,1,0,0,0,1,0,0,0,1605
40,2,1,0.144348,0.149548,0.437391,0.221935,1,0,0,0,1,0,0,1,0,0,0,0,1,0,0,1538
41,2,1,0.189091,0.213509,0.506364,0.10855,1,0,0,0,1,0,0,1,0,0,0,0,0,1,0,1746
42,2,0,0.2225,0.232954,0.544167,0.203367,1,0,0,0,1,0,0,1,0,0,0,0,0,0,1,1472
43,2,0,0.316522,0.324113,0.457391,0.260883,1,0,0,0,1,0,0,1,1,0,0,0,0,0,0,1589
44,2,1,0.415,0.39835,0.375833,0.38061125,1,0,0,0,1,0,0,1,0,1,0,0,0,0,0,1913
45,2,1,0.266087,0.254274,0.314348,0.291374,1,0,0,0,1,0,0,1,0,0,1,0,0,0,0,1815
46,2,1,0.318261,0.3162,0.423478,0.251791,1,0,0,0,1,0,0,1,0,0,0,1,0,0,0,2115
47,2,1,0.435833,0.428658,0.505,0.230104,1,0,0,0,1,0,0,1,0,0,0,0,1,0,0,2475
48,2,1,0.521667,0.511983,0.516667,0.264925,1,0,0,0,1,0,0,1,0,0,0,0,0,1,0,2927
49,2,0,0.399167,0.391404,0.20468725,0.38061125,1,0,0,0,1,0,0,1,0,0,0,0,0,0,1,1635
50,2,0,0.285217,0.27733,0.407826,0.223235,1,0,0,0,1,0,0,1,1,0,0,0,0,0,0,1812
51,2,0,0.303333,0.284075,0.605,0.307846,1,0,0,0,0,1,0,1,0,1,0,0,0,0,0,1107
52,2,1,0.182222,0.186033,0.577778,0.195683,1,0,0,0,1,0,0,1,0,0,1,0,0,0,0,1450
53,2,1,0.221739,0.245717,0.423043,0.094113,1,0,0,0,1,0,0,1,0,0,0,1,0,0,0,1917
54,2,1,0.295652,0.289191,0.697391,0.250496,1,0,0,0,0,1,0,1,0,0,0,0,1,0,0,1807
55,2,1,0.364348,0.350461,0.712174,0.346539,1,0,0,0,0,1,0,1,0,0,0,0,0,1,0,1461
56,2,0,0.2825,0.282192,0.537917,0.186571,1,0,0,0,1,0,0,1,0,0,0,0,0,0,1,1969
57,2,0,0.343478,0.351109,0.68,0.125248,1,0,0,0,1,0,0,1,1,0,0,0,0,0,0,2402
58,2,1,0.407273,0.400118,0.8763639999999999,0.289686,1,0,0,0,0,1,0,1,0,1,0,0,0,0,0,1446
59,3,1,0.266667,0.263879,0.535,0.216425,1,0,0,0,1,0,0,1,0,0,1,0,0,0,0,1851
60,3,1,0.335,0.320071,0.449583,0.307833,1,0,0,0,1,0,0,1,0,0,0,1,0,0,0,2134
61,3,1,0.198333,0.200133,0.318333,0.225754,1,0,0,0,1,0,0,1,0,0,0,0,1,0,0,1685
62,3,1,0.261667,0.255679,0.610417,0.203346,1,0,0,0,0,1,0,1,0,0,0,0,0,1,0,1944
63,3,0,0.384167,0.378779,0.789167,0.251871,1,0,0,0,0,1,0,1,0,0,0,0,0,0,1,2077
64,3,0,0.376522,0.366252,0.948261,0.343287,1,0,0,0,0,1,0,1,1,0,0,0,0,0,0,605
65,3,1,0.261739,0.238461,0.551304,0.341352,1,0,0,0,1,0,0,1,0,1,0,0,0,0,0,1872
66,3,1,0.2925,0.3024,0.420833,0.12065,1,0,0,0,1,0,0,1,0,0,1,0,0,0,0,2133
67,3,1,0.295833,0.286608,0.775417,0.22015,1,0,0,0,0,1,0,1,0,0,0,1,0,0,0,1891
68,3,1,0.389091,0.385668,0.20468725,0.261877,1,0,0,0,0,0,1,1,0,0,0,0,1,0,0,623
69,3,1,0.316522,0.305,0.649565,0.23297,1,0,0,0,0,1,0,1,0,0,0,0,0,1,0,1977
70,3,0,0.329167,0.32575,0.594583,0.220775,1,0,0,0,1,0,0,1,0,0,0,0,0,0,1,2132
71,3,0,0.384348,0.380091,0.5273909999999999,0.270604,1,0,0,0,1,0,0,1,1,0,0,0,0,0,0,2417
72,3,1,0.32521700000000003,0.332,0.496957,0.136926,1,0,0,0,1,0,0,1,0,1,0,0,0,0,0,2046
73,3,1,0.317391,0.318178,0.655652,0.184309,1,0,0,0,0,1,0,1,0,0,1,0,0,0,0,2056
74,3,1,0.365217,0.36693,0.776522,0.203117,1,0,0,0,0,1,0,1,0,0,0,1,0,0,0,2192
75,3,1,0.415,0.410333,0.602917,0.209579,1,0,0,0,1,0,0,1,0,0,0,0,1,0,0,2744
76,3,1,0.54,0.5270090000000001,0.525217,0.231017,1,0,0,0,1,0,0,1,0,0,0,0,0,1,0,3239
77,3,0,0.4725,0.466525,0.379167,0.368167,1,0,0,0,1,0,0,1,0,0,0,0,0,0,1,3117
78,3,0,0.3325,0.32575,0.47375,0.207721,1,0,0,0,1,0,0,1,1,0,0,0,0,0,0,2471
79,3,1,0.430435,0.409735,0.737391,0.288783,0,1,0,0,0,1,0,1,0,1,0,0,0,0,0,2077
80,3,1,0.441667,0.440642,0.624583,0.22575,0,1,0,0,1,0,0,1,0,0,1,0,0,0,0,2703
81,3,1,0.346957,0.337939,0.839565,0.234261,0,1,0,0,0,1,0,1,0,0,0,1,0,0,0,2121
82,3,1,0.285,0.270833,0.805833,0.243787,0,1,0,0,0,1,0,1,0,0,0,0,1,0,0,1865
83,3,1,0.264167,0.256312,0.495,0.230725,0,1,0,0,1,0,0,1,0,0,0,0,0,1,0,2210
84,3,0,0.265833,0.257571,0.394167,0.209571,0,1,0,0,1,0,0,1,0,0,0,0,0,0,1,2496
85,3,0,0.253043,0.250339,0.493913,0.1843,0,1,0,0,0,1,0,1,1,0,0,0,0,0,0,1693
86,3,1,0.264348,0.257574,0.302174,0.212204,0,1,0,0,1,0,0,1,0,1,0,0,0,0,0,2028
87,3,1,0.3025,0.292908,0.31416700000000003,0.226996,0,1,0,0,1,0,0,1,0,0,1,0,0,0,0,2425
88,3,1,0.3,0.29735,0.646667,0.172888,0,1,0,0,0,1,0,1,0,0,0,1,0,0,0,1536
89,3,1,0.268333,0.257575,0.918333,0.217646,0,1,0,0,0,0,1,1,0,0,0,0,1,0,0,1685
90,4,1,0.3,0.283454,0.68625,0.258708,0,1,0,0,0,1,0,1,0,0,0,0,0,1,0,2227
91,4,0,0.315,0.315637,0.65375,0.197146,0,1,0,0,0,1,0,1,0,0,0,0,0,0,1,2252
92,4,0,0.378333,0.378767,0.48,0.182213,0,1,0,0,1,0,0,1,1,0,0,0,0,0,0,3249
93,4,1,0.573333,0.542929,0.42625,0.38061125,0,1,0,0,1,0,0,1,0,1,0,0,0,0,0,3115
94,4,1,0.414167,0.39835,0.642083,0.38061125,0,1,0,0,0,1,0,1,0,0,1,0,0,0,0,1795
95,4,1,0.390833,0.387608,0.470833,0.263063,0,1,0,0,1,0,0,1,0,0,0,1,0,0,0,2808
96,4,1,0.4375,0.433696,0.602917,0.16231199999999998,0,1,0,0,1,0,0,1,0,0,0,0,1,0,0,3141
97,4,1,0.335833,0.324479,0.83625,0.226992,0,1,0,0,0,1,0,1,0,0,0,0,0,1,0,1471
98,4,0,0.3425,0.341529,0.8775,0.13308299999999998,0,1,0,0,0,1,0,1,0,0,0,0,0,0,1,2455
99,4,0,0.426667,0.426737,0.8575,0.146767,0,1,0,0,0,1,0,1,1,0,0,0,0,0,0,2895
100,4,1,0.5956520000000001,0.565217,0.716956,0.324474,0,1,0,0,0,1,0,1,0,1,0,0,0,0,0,3348
101,4,1,0.5025,0.493054,0.739167,0.274879,0,1,0,0,0,1,0,1,0,0,1,0,0,0,0,2034
102,4,1,0.4125,0.417283,0.819167,0.25061700000000003,0,1,0,0,0,1,0,1,0,0,0,1,0,0,0,2162
103,4,1,0.4675,0.462742,0.540417,0.1107,0,1,0,0,1,0,0,1,0,0,0,0,1,0,0,3267
104,4,0,0.446667,0.441913,0.67125,0.226375,0,1,0,0,1,0,0,1,0,0,0,0,0,1,0,3126
105,4,0,0.430833,0.425492,0.888333,0.340808,0,1,0,0,0,0,1,1,0,0,0,0,0,0,1,795
106,4,0,0.456667,0.445696,0.479583,0.303496,0,1,0,0,1,0,0,1,1,0,0,0,0,0,0,3744
107,4,1,0.5125,0.503146,0.5425,0.16356700000000002,0,1,0,0,1,0,0,1,0,1,0,0,0,0,0,3429
108,4,1,0.505833,0.489258,0.665833,0.157971,0,1,0,0,0,1,0,1,0,0,1,0,0,0,0,3204
109,4,1,0.595,0.564392,0.614167,0.241925,0,1,0,0,1,0,0,1,0,0,0,1,0,0,0,3944
110,4,1,0.459167,0.453892,0.407083,0.325258,0,1,0,0,1,0,0,1,0,0,0,0,1,0,0,4189
111,4,1,0.336667,0.321954,0.729583,0.219521,0,1,0,0,0,1,0,1,0,0,0,0,0,1,0,1683
112,4,0,0.46,0.450121,0.887917,0.230725,0,1,0,0,0,1,0,1,0,0,0,0,0,0,1,4036
113,4,0,0.581667,0.551763,0.810833,0.192175,0,1,0,0,0,1,0,1,1,0,0,0,0,0,0,4191
114,4,1,0.606667,0.5745,0.776667,0.185333,0,1,0,0,1,0,0,1,0,1,0,0,0,0,0,4073
115,4,1,0.631667,0.594083,0.729167,0.3265,0,1,0,0,1,0,0,1,0,0,1,0,0,0,0,4400
116,4,1,0.62,0.575142,0.835417,0.3122,0,1,0,0,0,1,0,1,0,0,0,1,0,0,0,3872
117,4,1,0.6175,0.578929,0.700833,0.320908,0,1,0,0,0,1,0,1,0,0,0,0,1,0,0,4058
118,4,1,0.51,0.497463,0.457083,0.240063,0,1,0,0,1,0,0,1,0,0,0,0,0,1,0,4595
119,4,0,0.4725,0.464021,0.503333,0.235075,0,1,0,0,1,0,0,1,0,0,0,0,0,0,1,5312
120,5,0,0.451667,0.448204,0.762083,0.106354,0,1,0,0,0,1,0,1,1,0,0,0,0,0,0,3351
121,5,1,0.549167,0.532833,0.73,0.183454,0,1,0,0,0,1,0,1,0,1,0,0,0,0,0,4401
122,5,1,0.616667,0.582079,0.697083,0.342667,0,1,0,0,0,1,0,1,0,0,1,0,0,0,0,4451
123,5,1,0.414167,0.40465,0.737083,0.328996,0,1,0,0,0,1,0,1,0,0,0,1,0,0,0,2633
124,5,1,0.459167,0.441917,0.444167,0.295392,0,1,0,0,1,0,0,1,0,0,0,0,1,0,0,4433
125,5,1,0.479167,0.474117,0.59,0.228246,0,1,0,0,1,0,0,1,0,0,0,0,0,1,0,4608
126,5,0,0.52,0.512621,0.54125,0.16045,0,1,0,0,1,0,0,1,0,0,0,0,0,0,1,4714
127,5,0,0.5283329999999999,0.518933,0.631667,0.0746375,0,1,0,0,1,0,0,1,1,0,0,0,0,0,0,4333
128,5,1,0.5325,0.525246,0.58875,0.17600000000000002,0,1,0,0,1,0,0,1,0,1,0,0,0,0,0,4362
129,5,1,0.5325,0.522721,0.489167,0.115671,0,1,0,0,1,0,0,1,0,0,1,0,0,0,0,4803
130,5,1,0.5425,0.5284,0.632917,0.120642,0,1,0,0,1,0,0,1,0,0,0,1,0,0,0,4182
131,5,1,0.535,0.523363,0.7475,0.189667,0,1,0,0,1,0,0,1,0,0,0,0,1,0,0,4864
132,5,1,0.5125,0.4943,0.863333,0.179725,0,1,0,0,0,1,0,1,0,0,0,0,0,1,0,4105
133,5,0,0.520833,0.500629,0.9225,0.13495,0,1,0,0,0,1,0,1,0,0,0,0,0,0,1,3409
134,5,0,0.5625,0.536,0.867083,0.152979,0,1,0,0,0,1,0,1,1,0,0,0,0,0,0,4553
135,5,1,0.5775,0.550512,0.787917,0.126871,0,1,0,0,1,0,0,1,0,1,0,0,0,0,0,3958
136,5,1,0.561667,0.538529,0.837917,0.277354,0,1,0,0,0,1,0,1,0,0,1,0,0,0,0,4123
137,5,1,0.55,0.527158,0.87,0.201492,0,1,0,0,0,1,0,1,0,0,0,1,0,0,0,3855
138,5,1,0.530833,0.510742,0.829583,0.10821300000000003,0,1,0,0,0,1,0,1,0,0,0,0,1,0,0,4575
139,5,1,0.536667,0.529042,0.719583,0.125013,0,1,0,0,1,0,0,1,0,0,0,0,0,1,0,4917
140,5,0,0.6025,0.571975,0.626667,0.12065,0,1,0,0,1,0,0,1,0,0,0,0,0,0,1,5805
141,5,0,0.604167,0.5745,0.749583,0.148008,0,1,0,0,1,0,0,1,1,0,0,0,0,0,0,4660
142,5,1,0.631667,0.590296,0.81,0.233842,0,1,0,0,0,1,0,1,0,1,0,0,0,0,0,4274
143,5,1,0.66,0.604813,0.740833,0.207092,0,1,0,0,0,1,0,1,0,0,1,0,0,0,0,4492
144,5,1,0.660833,0.615542,0.69625,0.15423299999999998,0,1,0,0,1,0,0,1,0,0,0,1,0,0,0,4978
145,5,1,0.708333,0.654688,0.6775,0.199642,0,1,0,0,1,0,0,1,0,0,0,0,1,0,0,4677
146,5,1,0.681667,0.637008,0.65375,0.240679,0,1,0,0,1,0,0,1,0,0,0,0,0,1,0,4679
147,5,0,0.655833,0.612379,0.729583,0.230092,0,1,0,0,1,0,0,1,0,0,0,0,0,0,1,4758
148,5,0,0.6675,0.61555,0.81875,0.213938,0,1,0,0,1,0,0,1,1,0,0,0,0,0,0,4788
149,5,0,0.733333,0.671092,0.685,0.131225,0,1,0,0,1,0,0,1,0,1,0,0,0,0,0,4098
150,5,1,0.775,0.725383,0.636667,0.111329,0,1,0,0,1,0,0,1,0,0,1,0,0,0,0,3982
151,6,1,0.764167,0.720967,0.677083,0.207092,0,1,0,0,0,1,0,1,0,0,0,1,0,0,0,3974
152,6,1,0.715,0.643942,0.305,0.292287,0,1,0,0,1,0,0,1,0,0,0,0,1,0,0,4968
153,6,1,0.62,0.587133,0.354167,0.253121,0,1,0,0,1,0,0,1,0,0,0,0,0,1,0,5312
154,6,0,0.635,0.594696,0.45625,0.123142,0,1,0,0,1,0,0,1,0,0,0,0,0,0,1,5342
155,6,0,0.648333,0.616804,0.6525,0.138692,0,1,0,0,0,1,0,1,1,0,0,0,0,0,0,4906
156,6,1,0.678333,0.621858,0.6,0.121896,0,1,0,0,1,0,0,1,0,1,0,0,0,0,0,4548
157,6,1,0.7075,0.65595,0.597917,0.187808,0,1,0,0,1,0,0,1,0,0,1,0,0,0,0,4833
158,6,1,0.775833,0.727279,0.6220829999999999,0.136817,0,1,0,0,1,0,0,1,0,0,0,1,0,0,0,4401
159,6,1,0.808333,0.757579,0.568333,0.149883,0,1,0,0,0,1,0,1,0,0,0,0,1,0,0,3915
160,6,1,0.755,0.703292,0.605,0.14055399999999998,0,1,0,0,1,0,0,1,0,0,0,0,0,1,0,4586
161,6,0,0.725,0.678038,0.654583,0.15485,0,1,0,0,1,0,0,1,0,0,0,0,0,0,1,4966
162,6,0,0.6925,0.643325,0.747917,0.16356700000000002,0,1,0,0,1,0,0,1,1,0,0,0,0,0,0,4460
163,6,1,0.635,0.601654,0.494583,0.30535,0,1,0,0,1,0,0,1,0,1,0,0,0,0,0,5020
164,6,1,0.604167,0.591546,0.507083,0.269283,0,1,0,0,1,0,0,1,0,0,1,0,0,0,0,4891
165,6,1,0.626667,0.587754,0.471667,0.16791199999999998,0,1,0,0,1,0,0,1,0,0,0,1,0,0,0,5180
166,6,1,0.628333,0.595346,0.688333,0.206471,0,1,0,0,0,1,0,1,0,0,0,0,1,0,0,3767
167,6,1,0.649167,0.600383,0.735833,0.143029,0,1,0,0,1,0,0,1,0,0,0,0,0,1,0,4844
168,6,0,0.696667,0.643954,0.670417,0.119408,0,1,0,0,1,0,0,1,0,0,0,0,0,0,1,5119
169,6,0,0.699167,0.645846,0.666667,0.102,0,1,0,0,0,1,0,1,1,0,0,0,0,0,0,4744
170,6,1,0.635,0.595346,0.74625,0.155475,0,1,0,0,0,1,0,1,0,1,0,0,0,0,0,4010
171,6,1,0.680833,0.637646,0.770417,0.171025,0,0,1,0,0,1,0,1,0,0,1,0,0,0,0,4835
172,6,1,0.733333,0.693829,0.7075,0.172262,0,0,1,0,1,0,0,1,0,0,0,1,0,0,0,4507
173,6,1,0.728333,0.693833,0.703333,0.238804,0,0,1,0,0,1,0,1,0,0,0,0,1,0,0,4790
174,6,1,0.724167,0.656583,0.573333,0.222025,0,0,1,0,1,0,0,1,0,0,0,0,0,1,0,4991
175,6,0,0.695,0.643313,0.483333,0.209571,0,0,1,0,1,0,0,1,0,0,0,0,0,0,1,5202
176,6,0,0.68,0.637629,0.513333,0.0945333,0,0,1,0,1,0,0,1,1,0,0,0,0,0,0,5305
177,6,1,0.6825,0.637004,0.658333,0.10758800000000003,0,0,1,0,0,1,0,1,0,1,0,0,0,0,0,4708
178,6,1,0.744167,0.692558,0.634167,0.144283,0,0,1,0,1,0,0,1,0,0,1,0,0,0,0,4648
179,6,1,0.728333,0.654688,0.497917,0.261821,0,0,1,0,1,0,0,1,0,0,0,1,0,0,0,5225
180,6,1,0.696667,0.637008,0.434167,0.185312,0,0,1,0,1,0,0,1,0,0,0,0,1,0,0,5515
181,7,1,0.7225,0.652162,0.39625,0.102608,0,0,1,0,1,0,0,1,0,0,0,0,0,1,0,5362
182,7,0,0.738333,0.667308,0.444583,0.11506199999999997,0,0,1,0,1,0,0,1,0,0,0,0,0,0,1,5119
183,7,0,0.716667,0.668575,0.6825,0.228858,0,0,1,0,0,1,0,1,1,0,0,0,0,0,0,4649
184,7,0,0.726667,0.665417,0.637917,0.08147919999999999,0,0,1,0,0,1,0,1,0,1,0,0,0,0,0,6043
185,7,1,0.746667,0.696338,0.590417,0.12625799999999998,0,0,1,0,1,0,0,1,0,0,1,0,0,0,0,4665
186,7,1,0.72,0.685633,0.743333,0.149883,0,0,1,0,1,0,0,1,0,0,0,1,0,0,0,4629
187,7,1,0.75,0.686871,0.65125,0.1592,0,0,1,0,1,0,0,1,0,0,0,0,1,0,0,4592
188,7,1,0.709167,0.6704829999999999,0.757917,0.225129,0,0,1,0,0,1,0,1,0,0,0,0,0,1,0,4040
189,7,0,0.733333,0.664158,0.609167,0.16791199999999998,0,0,1,0,1,0,0,1,0,0,0,0,0,0,1,5336
190,7,0,0.7475,0.690025,0.578333,0.183471,0,0,1,0,1,0,0,1,1,0,0,0,0,0,0,4881
191,7,1,0.7625,0.729804,0.635833,0.282337,0,0,1,0,1,0,0,1,0,1,0,0,0,0,0,4086
192,7,1,0.794167,0.739275,0.559167,0.200254,0,0,1,0,1,0,0,1,0,0,1,0,0,0,0,4258
193,7,1,0.746667,0.689404,0.631667,0.146133,0,0,1,0,1,0,0,1,0,0,0,1,0,0,0,4342
194,7,1,0.680833,0.635104,0.47625,0.240667,0,0,1,0,1,0,0,1,0,0,0,0,1,0,0,5084
195,7,1,0.663333,0.624371,0.59125,0.182833,0,0,1,0,1,0,0,1,0,0,0,0,0,1,0,5538
196,7,0,0.686667,0.638263,0.585,0.208342,0,0,1,0,1,0,0,1,0,0,0,0,0,0,1,5923
197,7,0,0.719167,0.669833,0.604167,0.245033,0,0,1,0,1,0,0,1,1,0,0,0,0,0,0,5302
198,7,1,0.746667,0.703925,0.65125,0.215804,0,0,1,0,1,0,0,1,0,1,0,0,0,0,0,4458
199,7,1,0.776667,0.747479,0.650417,0.1306,0,0,1,0,1,0,0,1,0,0,1,0,0,0,0,4541
200,7,1,0.768333,0.74685,0.707083,0.113817,0,0,1,0,1,0,0,1,0,0,0,1,0,0,0,4332
201,7,1,0.815,0.826371,0.69125,0.222021,0,0,1,0,0,1,0,1,0,0,0,0,1,0,0,3784
202,7,1,0.848333,0.8408959999999999,0.580417,0.1331,0,0,1,0,1,0,0,1,0,0,0,0,0,1,0,3387
203,7,0,0.849167,0.804287,0.5,0.131221,0,0,1,0,1,0,0,1,0,0,0,0,0,0,1,3285
204,7,0,0.83,0.794829,0.550833,0.16917100000000002,0,0,1,0,1,0,0,1,1,0,0,0,0,0,0,3606
205,7,1,0.743333,0.720958,0.757083,0.0908083,0,0,1,0,1,0,0,1,0,1,0,0,0,0,0,3840
206,7,1,0.771667,0.696979,0.540833,0.200258,0,0,1,0,1,0,0,1,0,0,1,0,0,0,0,4590
207,7,1,0.775,0.690667,0.402917,0.183463,0,0,1,0,1,0,0,1,0,0,0,1,0,0,0,4656
208,7,1,0.779167,0.7399,0.583333,0.178479,0,0,1,0,1,0,0,1,0,0,0,0,1,0,0,4390
209,7,1,0.838333,0.785967,0.5425,0.174138,0,0,1,0,1,0,0,1,0,0,0,0,0,1,0,3846
210,7,0,0.804167,0.728537,0.465833,0.168537,0,0,1,0,1,0,0,1,0,0,0,0,0,0,1,4475
211,7,0,0.805833,0.729796,0.480833,0.16481300000000002,0,0,1,0,1,0,0,1,1,0,0,0,0,0,0,4302
212,8,1,0.771667,0.703292,0.550833,0.156717,0,0,1,0,1,0,0,1,0,1,0,0,0,0,0,4266
213,8,1,0.783333,0.707071,0.49125,0.20585,0,0,1,0,1,0,0,1,0,0,1,0,0,0,0,4845
214,8,1,0.731667,0.679937,0.6575,0.13558299999999998,0,0,1,0,0,1,0,1,0,0,0,1,0,0,0,3574
215,8,1,0.71,0.664788,0.7575,0.19715,0,0,1,0,0,1,0,1,0,0,0,0,1,0,0,4576
216,8,1,0.710833,0.656567,0.630833,0.184696,0,0,1,0,1,0,0,1,0,0,0,0,0,1,0,4866
217,8,0,0.716667,0.676154,0.755,0.22825,0,0,1,0,0,1,0,1,0,0,0,0,0,0,1,4294
218,8,0,0.7425,0.715292,0.7529170000000001,0.201487,0,0,1,0,1,0,0,1,1,0,0,0,0,0,0,3785
219,8,1,0.765,0.703283,0.592083,0.192175,0,0,1,0,1,0,0,1,0,1,0,0,0,0,0,4326
220,8,1,0.775,0.724121,0.570417,0.151121,0,0,1,0,1,0,0,1,0,0,1,0,0,0,0,4602
221,8,1,0.766667,0.684983,0.424167,0.200258,0,0,1,0,1,0,0,1,0,0,0,1,0,0,0,4780
222,8,1,0.7175,0.651521,0.42375,0.164796,0,0,1,0,1,0,0,1,0,0,0,0,1,0,0,4792
223,8,1,0.708333,0.654042,0.415,0.125621,0,0,1,0,1,0,0,1,0,0,0,0,0,1,0,4905
224,8,0,0.685833,0.645858,0.729583,0.211454,0,0,1,0,0,1,0,1,0,0,0,0,0,0,1,4150
225,8,0,0.676667,0.624388,0.8175,0.222633,0,0,1,0,0,1,0,1,1,0,0,0,0,0,0,3820
226,8,1,0.665833,0.616167,0.712083,0.208954,0,0,1,0,1,0,0,1,0,1,0,0,0,0,0,4338
227,8,1,0.700833,0.645837,0.578333,0.236329,0,0,1,0,1,0,0,1,0,0,1,0,0,0,0,4725
228,8,1,0.723333,0.666671,0.575417,0.14366700000000002,0,0,1,0,1,0,0,1,0,0,0,1,0,0,0,4694
229,8,1,0.711667,0.662258,0.654583,0.233208,0,0,1,0,1,0,0,1,0,0,0,0,1,0,0,3805
230,8,1,0.685,0.633221,0.722917,0.139308,0,0,1,0,0,1,0,1,0,0,0,0,0,1,0,4153
231,8,0,0.6975,0.648996,0.674167,0.104467,0,0,1,0,1,0,0,1,0,0,0,0,0,0,1,5191
232,8,0,0.710833,0.675525,0.77,0.248754,0,0,1,0,1,0,0,1,1,0,0,0,0,0,0,3873
233,8,1,0.691667,0.638254,0.47,0.27675,0,0,1,0,1,0,0,1,0,1,0,0,0,0,0,4758
234,8,1,0.640833,0.606067,0.455417,0.146763,0,0,1,0,1,0,0,1,0,0,1,0,0,0,0,5895
235,8,1,0.673333,0.630692,0.605,0.253108,0,0,1,0,1,0,0,1,0,0,0,1,0,0,0,5130
236,8,1,0.684167,0.645854,0.771667,0.210833,0,0,1,0,0,1,0,1,0,0,0,0,1,0,0,3542
237,8,1,0.7,0.659733,0.76125,0.0839625,0,0,1,0,1,0,0,1,0,0,0,0,0,1,0,4661
238,8,0,0.68,0.635556,0.85,0.375617,0,0,1,0,0,1,0,1,0,0,0,0,0,0,1,1115
239,8,0,0.707059,0.6479590000000001,0.561765,0.304659,0,0,1,0,1,0,0,1,1,0,0,0,0,0,0,4334
240,8,1,0.636667,0.607958,0.554583,0.159825,0,0,1,0,1,0,0,1,0,1,0,0,0,0,0,4634
241,8,1,0.639167,0.594704,0.548333,0.12500799999999998,0,0,1,0,1,0,0,1,0,0,1,0,0,0,0,5204
242,8,1,0.656667,0.611121,0.597917,0.08333330000000001,0,0,1,0,1,0,0,1,0,0,0,1,0,0,0,5058
243,9,1,0.655,0.614921,0.639167,0.141796,0,0,1,0,1,0,0,1,0,0,0,0,1,0,0,5115
244,9,1,0.643333,0.604808,0.727083,0.139929,0,0,1,0,0,1,0,1,0,0,0,0,0,1,0,4727
245,9,0,0.669167,0.633213,0.716667,0.185325,0,0,1,0,1,0,0,1,0,0,0,0,0,0,1,4484
246,9,0,0.709167,0.665429,0.742083,0.206467,0,0,1,0,1,0,0,1,1,0,0,0,0,0,0,4940
247,9,0,0.673333,0.625646,0.790417,0.212696,0,0,1,0,0,1,0,1,0,1,0,0,0,0,0,3351
248,9,1,0.54,0.5152,0.886957,0.343943,0,0,1,0,0,0,1,1,0,0,1,0,0,0,0,2710
249,9,1,0.599167,0.544229,0.917083,0.0970208,0,0,1,0,0,0,1,1,0,0,0,1,0,0,0,1996
250,9,1,0.6339130000000001,0.555361,0.939565,0.192748,0,0,1,0,0,0,1,1,0,0,0,0,1,0,0,1842
251,9,1,0.65,0.578946,0.897917,0.124379,0,0,1,0,0,1,0,1,0,0,0,0,0,1,0,3544
252,9,0,0.66,0.607962,0.75375,0.153608,0,0,1,0,1,0,0,1,0,0,0,0,0,0,1,5345
253,9,0,0.6533329999999999,0.609229,0.71375,0.115054,0,0,1,0,1,0,0,1,1,0,0,0,0,0,0,5046
254,9,1,0.6443479999999999,0.60213,0.692174,0.088913,0,0,1,0,1,0,0,1,0,1,0,0,0,0,0,4713
255,9,1,0.650833,0.603554,0.7125,0.141804,0,0,1,0,1,0,0,1,0,0,1,0,0,0,0,4763
256,9,1,0.673333,0.6269,0.697083,0.1673,0,0,1,0,1,0,0,1,0,0,0,1,0,0,0,4785
257,9,1,0.5775,0.553671,0.709167,0.271146,0,0,1,0,0,1,0,1,0,0,0,0,1,0,0,3659
258,9,1,0.469167,0.461475,0.590417,0.164183,0,0,1,0,0,1,0,1,0,0,0,0,0,1,0,4760
259,9,0,0.491667,0.478512,0.718333,0.189675,0,0,1,0,0,1,0,1,0,0,0,0,0,0,1,4511
260,9,0,0.5075,0.490537,0.695,0.178483,0,0,1,0,1,0,0,1,1,0,0,0,0,0,0,4274
261,9,1,0.549167,0.529675,0.69,0.15174200000000002,0,0,1,0,0,1,0,1,0,1,0,0,0,0,0,4539
262,9,1,0.561667,0.532217,0.88125,0.134954,0,0,1,0,0,1,0,1,0,0,1,0,0,0,0,3641
263,9,1,0.595,0.5505329999999999,0.9,0.0964042,0,0,1,0,0,1,0,1,0,0,0,1,0,0,0,4352
264,9,1,0.628333,0.554963,0.902083,0.128125,0,0,1,0,0,1,0,1,0,0,0,0,1,0,0,4795
265,9,1,0.609167,0.522125,0.9725,0.0783667,0,0,0,1,0,1,0,1,0,0,0,0,0,1,0,2395
266,9,0,0.606667,0.564412,0.8625,0.0783833,0,0,0,1,0,1,0,1,0,0,0,0,0,0,1,5423
267,9,0,0.634167,0.572637,0.845,0.0503792,0,0,0,1,0,1,0,1,1,0,0,0,0,0,0,5010
268,9,1,0.649167,0.589042,0.848333,0.1107,0,0,0,1,0,1,0,1,0,1,0,0,0,0,0,4630
269,9,1,0.636667,0.574525,0.885417,0.118171,0,0,0,1,0,1,0,1,0,0,1,0,0,0,0,4120
270,9,1,0.635,0.575158,0.84875,0.14862899999999998,0,0,0,1,0,1,0,1,0,0,0,1,0,0,0,3907
271,9,1,0.616667,0.574512,0.699167,0.17288299999999998,0,0,0,1,1,0,0,1,0,0,0,0,1,0,0,4839
272,9,1,0.564167,0.544829,0.6475,0.206475,0,0,0,1,1,0,0,1,0,0,0,0,0,1,0,5202
273,10,0,0.41,0.412863,0.75375,0.292296,0,0,0,1,0,1,0,1,0,0,0,0,0,0,1,2429
274,10,0,0.356667,0.345317,0.791667,0.222013,0,0,0,1,0,1,0,1,1,0,0,0,0,0,0,2918
275,10,1,0.384167,0.392046,0.760833,0.08334580000000001,0,0,0,1,0,1,0,1,0,1,0,0,0,0,0,3570
276,10,1,0.484167,0.472858,0.71,0.205854,0,0,0,1,1,0,0,1,0,0,1,0,0,0,0,4456
277,10,1,0.538333,0.527138,0.647917,0.17725,0,0,0,1,1,0,0,1,0,0,0,1,0,0,0,4826
278,10,1,0.494167,0.480425,0.620833,0.134954,0,0,0,1,1,0,0,1,0,0,0,0,1,0,0,4765
279,10,1,0.510833,0.504404,0.684167,0.0223917,0,0,0,1,1,0,0,1,0,0,0,0,0,1,0,4985
280,10,0,0.521667,0.513242,0.70125,0.0454042,0,0,0,1,1,0,0,1,0,0,0,0,0,0,1,5409
281,10,0,0.540833,0.523983,0.7275,0.06345,0,0,0,1,1,0,0,1,1,0,0,0,0,0,0,5511
282,10,0,0.570833,0.542925,0.73375,0.0423042,0,0,0,1,1,0,0,1,0,1,0,0,0,0,0,5117
283,10,1,0.566667,0.546096,0.80875,0.143042,0,0,0,1,0,1,0,1,0,0,1,0,0,0,0,4563
284,10,1,0.543333,0.517717,0.90625,0.24815,0,0,0,1,0,0,1,1,0,0,0,1,0,0,0,2416
285,10,1,0.589167,0.551804,0.896667,0.141787,0,0,0,1,0,1,0,1,0,0,0,0,1,0,0,2913
286,10,1,0.550833,0.529675,0.71625,0.223883,0,0,0,1,0,1,0,1,0,0,0,0,0,1,0,3644
287,10,0,0.506667,0.498725,0.483333,0.258083,0,0,0,1,1,0,0,1,0,0,0,0,0,0,1,5217
288,10,0,0.511667,0.503154,0.486667,0.281717,0,0,0,1,1,0,0,1,1,0,0,0,0,0,0,5041
289,10,1,0.5341670000000001,0.510725,0.579583,0.175379,0,0,0,1,1,0,0,1,0,1,0,0,0,0,0,4570
290,10,1,0.5325,0.522721,0.701667,0.110087,0,0,0,1,0,1,0,1,0,0,1,0,0,0,0,4748
291,10,1,0.5417390000000001,0.513848,0.895217,0.243339,0,0,0,1,0,0,1,1,0,0,0,1,0,0,0,2424
292,10,1,0.475833,0.466525,0.63625,0.38061125,0,0,0,1,1,0,0,1,0,0,0,0,1,0,0,4195
293,10,1,0.4275,0.423596,0.574167,0.221396,0,0,0,1,1,0,0,1,0,0,0,0,0,1,0,4304
294,10,0,0.4225,0.425492,0.629167,0.0926667,0,0,0,1,1,0,0,1,0,0,0,0,0,0,1,4308
295,10,0,0.421667,0.422333,0.74125,0.0995125,0,0,0,1,1,0,0,1,1,0,0,0,0,0,0,4381
296,10,1,0.463333,0.457067,0.772083,0.118792,0,0,0,1,1,0,0,1,0,1,0,0,0,0,0,4187
297,10,1,0.471667,0.463375,0.622917,0.166658,0,0,0,1,1,0,0,1,0,0,1,0,0,0,0,4687
298,10,1,0.484167,0.472846,0.720417,0.148642,0,0,0,1,0,1,0,1,0,0,0,1,0,0,0,3894
299,10,1,0.47,0.457046,0.812917,0.197763,0,0,0,1,0,1,0,1,0,0,0,0,1,0,0,2659
300,10,1,0.330833,0.318812,0.585833,0.229479,0,0,0,1,0,1,0,1,0,0,0,0,0,1,0,3747
301,10,0,0.25416700000000003,0.227913,0.8825,0.351371,0,0,0,1,0,0,1,1,0,0,0,0,0,0,1,627
302,10,0,0.31916700000000003,0.321329,0.62375,0.176617,0,0,0,1,1,0,0,1,1,0,0,0,0,0,0,3331
303,10,1,0.34,0.356063,0.703333,0.10635,0,0,0,1,1,0,0,1,0,1,0,0,0,0,0,3669
304,11,1,0.400833,0.397088,0.68375,0.135571,0,0,0,1,1,0,0,1,0,0,1,0,0,0,0,4068
305,11,1,0.3775,0.390133,0.71875,0.08209169999999999,0,0,0,1,1,0,0,1,0,0,0,1,0,0,0,4186
306,11,1,0.408333,0.405921,0.702083,0.136817,0,0,0,1,1,0,0,1,0,0,0,0,1,0,0,3974
307,11,1,0.403333,0.403392,0.6225,0.271779,0,0,0,1,0,1,0,1,0,0,0,0,0,1,0,4046
308,11,0,0.326667,0.323854,0.519167,0.189062,0,0,0,1,1,0,0,1,0,0,0,0,0,0,1,3926
309,11,0,0.348333,0.362358,0.734583,0.0920542,0,0,0,1,1,0,0,1,1,0,0,0,0,0,0,3649
310,11,1,0.395,0.400871,0.75875,0.057225,0,0,0,1,1,0,0,1,0,1,0,0,0,0,0,4035
311,11,1,0.408333,0.412246,0.7216670000000001,0.0690375,0,0,0,1,1,0,0,1,0,0,1,0,0,0,0,4205
312,11,1,0.4,0.409079,0.758333,0.06219580000000001,0,0,0,1,1,0,0,1,0,0,0,1,0,0,0,4109
313,11,1,0.38,0.373721,0.813333,0.189067,0,0,0,1,0,1,0,1,0,0,0,0,1,0,0,2933
314,11,0,0.324167,0.306817,0.44625,0.314675,0,0,0,1,1,0,0,1,0,0,0,0,0,1,0,3368
315,11,0,0.356667,0.357942,0.552917,0.212062,0,0,0,1,1,0,0,1,0,0,0,0,0,0,1,4067
316,11,0,0.440833,0.43055,0.458333,0.281721,0,0,0,1,1,0,0,1,1,0,0,0,0,0,0,3717
317,11,1,0.53,0.524612,0.587083,0.306596,0,0,0,1,1,0,0,1,0,1,0,0,0,0,0,4486
318,11,1,0.53,0.507579,0.68875,0.199633,0,0,0,1,0,1,0,1,0,0,1,0,0,0,0,4195
319,11,1,0.456667,0.451988,0.93,0.136829,0,0,0,1,0,0,1,1,0,0,0,1,0,0,0,1817
320,11,1,0.341667,0.323221,0.575833,0.305362,0,0,0,1,0,1,0,1,0,0,0,0,1,0,0,3053
321,11,1,0.274167,0.272721,0.41,0.168533,0,0,0,1,1,0,0,1,0,0,0,0,0,1,0,3392
322,11,0,0.329167,0.324483,0.502083,0.224496,0,0,0,1,1,0,0,1,0,0,0,0,0,0,1,3663
323,11,0,0.463333,0.457058,0.6845829999999999,0.18595,0,0,0,1,0,1,0,1,1,0,0,0,0,0,0,3520
324,11,1,0.4475,0.445062,0.91,0.138054,0,0,0,1,0,0,1,1,0,1,0,0,0,0,0,2765
325,11,1,0.416667,0.421696,0.9625,0.118792,0,0,0,1,0,0,1,1,0,0,1,0,0,0,0,1607
326,11,1,0.440833,0.430537,0.757917,0.335825,0,0,0,1,0,1,0,1,0,0,0,1,0,0,0,2566
327,11,0,0.373333,0.372471,0.549167,0.167304,0,0,0,1,1,0,0,1,0,0,0,0,1,0,0,1495
328,11,1,0.375,0.380671,0.64375,0.0988958,0,0,0,1,1,0,0,1,0,0,0,0,0,1,0,2792
329,11,0,0.375833,0.385087,0.681667,0.0684208,0,0,0,1,1,0,0,1,0,0,0,0,0,0,1,3068
330,11,0,0.459167,0.4558,0.698333,0.208954,0,0,0,1,1,0,0,1,1,0,0,0,0,0,0,3071
331,11,1,0.503478,0.490122,0.743043,0.142122,0,0,0,1,1,0,0,1,0,1,0,0,0,0,0,3867
332,11,1,0.458333,0.451375,0.830833,0.258092,0,0,0,1,0,1,0,1,0,0,1,0,0,0,0,2914
333,11,1,0.325,0.311221,0.613333,0.271158,0,0,0,1,1,0,0,1,0,0,0,1,0,0,0,3613
334,12,1,0.3125,0.305554,0.524583,0.220158,0,0,0,1,1,0,0,1,0,0,0,0,1,0,0,3727
335,12,1,0.31416700000000003,0.331433,0.625833,0.100754,0,0,0,1,1,0,0,1,0,0,0,0,0,1,0,3940
336,12,0,0.299167,0.310604,0.612917,0.0957833,0,0,0,1,1,0,0,1,0,0,0,0,0,0,1,3614
337,12,0,0.330833,0.3491,0.775833,0.08395830000000001,0,0,0,1,1,0,0,1,1,0,0,0,0,0,0,3485
338,12,1,0.385833,0.393925,0.827083,0.062208300000000015,0,0,0,1,0,1,0,1,0,1,0,0,0,0,0,3811
339,12,1,0.4625,0.4564,0.949583,0.232583,0,0,0,1,0,0,1,1,0,0,1,0,0,0,0,2594
340,12,1,0.41,0.400246,0.970417,0.266175,0,0,0,1,0,0,1,1,0,0,0,1,0,0,0,705
341,12,1,0.265833,0.256938,0.58,0.240058,0,0,0,1,1,0,0,1,0,0,0,0,1,0,0,3322
342,12,1,0.290833,0.317542,0.695833,0.08271669999999999,0,0,0,1,1,0,0,1,0,0,0,0,0,1,0,3620
343,12,0,0.275,0.266412,0.5075,0.233221,0,0,0,1,1,0,0,1,0,0,0,0,0,0,1,3190
344,12,0,0.220833,0.253154,0.49,0.0665417,0,0,0,1,1,0,0,1,1,0,0,0,0,0,0,2743
345,12,1,0.238333,0.270196,0.670833,0.06345,0,0,0,1,1,0,0,1,0,1,0,0,0,0,0,3310
346,12,1,0.2825,0.301138,0.59,0.14055,0,0,0,1,1,0,0,1,0,0,1,0,0,0,0,3523
347,12,1,0.3175,0.338362,0.66375,0.060958300000000014,0,0,0,1,0,1,0,1,0,0,0,1,0,0,0,3740
348,12,1,0.4225,0.412237,0.634167,0.268042,0,0,0,1,0,1,0,1,0,0,0,0,1,0,0,3709
349,12,1,0.375,0.359825,0.500417,0.260575,0,0,0,1,0,1,0,1,0,0,0,0,0,1,0,3577
350,12,0,0.258333,0.249371,0.560833,0.243167,0,0,0,1,0,1,0,1,0,0,0,0,0,0,1,2739
351,12,0,0.238333,0.245579,0.58625,0.169779,0,0,0,1,1,0,0,1,1,0,0,0,0,0,0,2431
352,12,1,0.276667,0.280933,0.6375,0.172896,0,0,0,1,1,0,0,1,0,1,0,0,0,0,0,3403
353,12,1,0.385833,0.396454,0.595417,0.061570800000000016,0,0,0,1,0,1,0,1,0,0,1,0,0,0,0,3750
354,12,1,0.428333,0.428017,0.858333,0.2214,1,0,0,0,0,1,0,1,0,0,0,1,0,0,0,2660
355,12,1,0.423333,0.426121,0.7575,0.047275,1,0,0,0,0,1,0,1,0,0,0,0,1,0,0,3068
356,12,1,0.373333,0.377513,0.68625,0.274246,1,0,0,0,1,0,0,1,0,0,0,0,0,1,0,2209
357,12,0,0.3025,0.299242,0.5425,0.190304,1,0,0,0,1,0,0,1,0,0,0,0,0,0,1,1011
358,12,0,0.274783,0.279961,0.681304,0.155091,1,0,0,0,1,0,0,1,1,0,0,0,0,0,0,754
359,12,0,0.321739,0.315535,0.506957,0.239465,1,0,0,0,1,0,0,1,0,1,0,0,0,0,0,1317
360,12,1,0.325,0.327633,0.7625,0.18845,1,0,0,0,0,1,0,1,0,0,1,0,0,0,0,1162
361,12,1,0.29913,0.279974,0.503913,0.29396100000000003,1,0,0,0,1,0,0,1,0,0,0,1,0,0,0,2302
362,12,1,0.248333,0.263892,0.574167,0.119412,1,0,0,0,1,0,0,1,0,0,0,0,1,0,0,2423
363,12,1,0.311667,0.318812,0.636667,0.13433699999999998,1,0,0,0,1,0,0,1,0,0,0,0,0,1,0,2999
364,12,0,0.41,0.414121,0.615833,0.220154,1,0,0,0,1,0,0,1,0,0,0,0,0,0,1,2485
365,1,0,0.37,0.375621,0.6925,0.192167,1,0,0,0,1,0,0,1,1,0,0,0,0,0,0,2294
366,1,0,0.273043,0.252304,0.381304,0.329665,1,0,0,0,1,0,0,1,0,1,0,0,0,0,0,1951
367,1,1,0.15,0.126275,0.44125,0.365671,1,0,0,0,1,0,0,1,0,0,1,0,0,0,0,2236
368,1,1,0.1075,0.11933699999999997,0.414583,0.1847,1,0,0,0,0,1,0,1,0,0,0,1,0,0,0,2368
369,1,1,0.265833,0.278412,0.524167,0.129987,1,0,0,0,1,0,0,1,0,0,0,0,1,0,0,3272
370,1,1,0.334167,0.340267,0.542083,0.167908,1,0,0,0,1,0,0,1,0,0,0,0,0,1,0,4098
371,1,0,0.393333,0.390779,0.531667,0.174758,1,0,0,0,1,0,0,1,0,0,0,0,0,0,1,4521
372,1,0,0.3375,0.340258,0.465,0.191542,1,0,0,0,1,0,0,1,1,0,0,0,0,0,0,3425
373,1,1,0.224167,0.247479,0.701667,0.0989,1,0,0,0,0,1,0,1,0,1,0,0,0,0,0,2376
374,1,1,0.308696,0.318826,0.646522,0.187552,1,0,0,0,1,0,0,1,0,0,1,0,0,0,0,3598
375,1,1,0.274167,0.282821,0.8475,0.131221,1,0,0,0,0,1,0,1,0,0,0,1,0,0,0,2177
376,1,1,0.3825,0.381938,0.802917,0.180967,1,0,0,0,0,1,0,1,0,0,0,0,1,0,0,4097
377,1,1,0.274167,0.249362,0.5075,0.378108,1,0,0,0,1,0,0,1,0,0,0,0,0,1,0,3214
378,1,0,0.18,0.183087,0.4575,0.187183,1,0,0,0,1,0,0,1,0,0,0,0,0,0,1,2493
379,1,0,0.166667,0.161625,0.419167,0.251258,1,0,0,0,1,0,0,1,1,0,0,0,0,0,0,2311
380,1,0,0.19,0.190663,0.5225,0.231358,1,0,0,0,1,0,0,1,0,1,0,0,0,0,0,2298
381,1,1,0.373043,0.3642780000000001,0.716087,0.34913,1,0,0,0,0,1,0,1,0,0,1,0,0,0,0,2935
382,1,1,0.303333,0.275254,0.443333,0.38061125,1,0,0,0,1,0,0,1,0,0,0,1,0,0,0,3376
383,1,1,0.19,0.190038,0.4975,0.220158,1,0,0,0,1,0,0,1,0,0,0,0,1,0,0,3292
384,1,1,0.2175,0.220958,0.45,0.20275,1,0,0,0,0,1,0,1,0,0,0,0,0,1,0,3163
385,1,0,0.173333,0.174875,0.83125,0.222642,1,0,0,0,0,1,0,1,0,0,0,0,0,0,1,1301
386,1,0,0.1625,0.16225,0.79625,0.199638,1,0,0,0,0,1,0,1,1,0,0,0,0,0,0,1977
387,1,1,0.218333,0.243058,0.91125,0.110708,1,0,0,0,0,1,0,1,0,1,0,0,0,0,0,2432
388,1,1,0.3425,0.349108,0.835833,0.123767,1,0,0,0,1,0,0,1,0,0,1,0,0,0,0,4339
389,1,1,0.294167,0.294821,0.64375,0.161071,1,0,0,0,1,0,0,1,0,0,0,1,0,0,0,4270
390,1,1,0.341667,0.35605,0.769583,0.07339580000000001,1,0,0,0,0,1,0,1,0,0,0,0,1,0,0,4075
391,1,1,0.425,0.415383,0.74125,0.342667,1,0,0,0,0,1,0,1,0,0,0,0,0,1,0,3456
392,1,0,0.315833,0.326379,0.543333,0.210829,1,0,0,0,1,0,0,1,0,0,0,0,0,0,1,4023
393,1,0,0.2825,0.272721,0.31125,0.24005,1,0,0,0,1,0,0,1,1,0,0,0,0,0,0,3243
394,1,1,0.269167,0.262625,0.400833,0.215792,1,0,0,0,1,0,0,1,0,1,0,0,0,0,0,3624
395,1,1,0.39,0.381317,0.416667,0.261817,1,0,0,0,1,0,0,1,0,0,1,0,0,0,0,4509
396,2,1,0.469167,0.466538,0.507917,0.189067,1,0,0,0,1,0,0,1,0,0,0,1,0,0,0,4579
397,2,1,0.399167,0.398971,0.672917,0.187187,1,0,0,0,0,1,0,1,0,0,0,0,1,0,0,3761
398,2,1,0.313333,0.309346,0.526667,0.17849600000000002,1,0,0,0,1,0,0,1,0,0,0,0,0,1,0,4151
399,2,0,0.264167,0.272725,0.779583,0.121896,1,0,0,0,0,1,0,1,0,0,0,0,0,0,1,2832
400,2,0,0.265833,0.264521,0.687917,0.175996,1,0,0,0,0,1,0,1,1,0,0,0,0,0,0,2947
401,2,1,0.282609,0.296426,0.622174,0.1538,1,0,0,0,1,0,0,1,0,1,0,0,0,0,0,3784
402,2,1,0.354167,0.361104,0.49625,0.147379,1,0,0,0,1,0,0,1,0,0,1,0,0,0,0,4375
403,2,1,0.25666700000000003,0.266421,0.722917,0.133721,1,0,0,0,0,1,0,1,0,0,0,1,0,0,0,2802
404,2,1,0.265,0.261988,0.562083,0.194037,1,0,0,0,1,0,0,1,0,0,0,0,1,0,0,3830
405,2,1,0.280833,0.293558,0.54,0.116929,1,0,0,0,0,1,0,1,0,0,0,0,0,1,0,3831
406,2,0,0.224167,0.210867,0.73125,0.289796,1,0,0,0,0,0,1,1,0,0,0,0,0,0,1,2169
407,2,0,0.1275,0.101658,0.464583,0.38061125,1,0,0,0,1,0,0,1,1,0,0,0,0,0,0,1529
408,2,1,0.2225,0.227913,0.41125,0.167283,1,0,0,0,1,0,0,1,0,1,0,0,0,0,0,3422
409,2,1,0.31916700000000003,0.333946,0.50875,0.141179,1,0,0,0,0,1,0,1,0,0,1,0,0,0,0,3922
410,2,1,0.348333,0.351629,0.53125,0.1816,1,0,0,0,1,0,0,1,0,0,0,1,0,0,0,4169
411,2,1,0.31666700000000003,0.330162,0.7529170000000001,0.091425,1,0,0,0,0,1,0,1,0,0,0,0,1,0,0,3005
412,2,1,0.343333,0.351629,0.634583,0.205846,1,0,0,0,1,0,0,1,0,0,0,0,0,1,0,4154
413,2,0,0.346667,0.355425,0.534583,0.190929,1,0,0,0,1,0,0,1,0,0,0,0,0,0,1,4318
414,2,0,0.28,0.265788,0.515833,0.253112,1,0,0,0,0,1,0,1,1,0,0,0,0,0,0,2689
415,2,0,0.28,0.273391,0.507826,0.229083,1,0,0,0,1,0,0,1,0,1,0,0,0,0,0,3129
416,2,1,0.287826,0.295113,0.594348,0.205717,1,0,0,0,1,0,0,1,0,0,1,0,0,0,0,3777
417,2,1,0.395833,0.392667,0.567917,0.234471,1,0,0,0,1,0,0,1,0,0,0,1,0,0,0,4773
418,2,1,0.454167,0.444446,0.554583,0.190913,1,0,0,0,1,0,0,1,0,0,0,0,1,0,0,5062
419,2,1,0.4075,0.410971,0.7375,0.237567,1,0,0,0,0,1,0,1,0,0,0,0,0,1,0,3487
420,2,0,0.290833,0.255675,0.395833,0.38061125,1,0,0,0,1,0,0,1,0,0,0,0,0,0,1,2732
421,2,0,0.279167,0.268308,0.41,0.205229,1,0,0,0,1,0,0,1,1,0,0,0,0,0,0,3389
422,2,1,0.366667,0.357954,0.490833,0.268033,1,0,0,0,1,0,0,1,0,1,0,0,0,0,0,4322
423,2,1,0.359167,0.353525,0.395833,0.193417,1,0,0,0,1,0,0,1,0,0,1,0,0,0,0,4363
424,2,1,0.344348,0.34847,0.804783,0.179117,1,0,0,0,0,1,0,1,0,0,0,1,0,0,0,1834
425,3,1,0.485833,0.475371,0.615417,0.226987,1,0,0,0,1,0,0,1,0,0,0,0,1,0,0,4990
426,3,1,0.353333,0.359842,0.657083,0.144904,1,0,0,0,0,1,0,1,0,0,0,0,0,1,0,3194
427,3,0,0.414167,0.413492,0.62125,0.161079,1,0,0,0,0,1,0,1,0,0,0,0,0,0,1,4066
428,3,0,0.325833,0.303021,0.403333,0.334571,1,0,0,0,1,0,0,1,1,0,0,0,0,0,0,3423
429,3,1,0.243333,0.241171,0.50625,0.228858,1,0,0,0,1,0,0,1,0,1,0,0,0,0,0,3333
430,3,1,0.258333,0.255042,0.456667,0.200875,1,0,0,0,1,0,0,1,0,0,1,0,0,0,0,3956
431,3,1,0.404167,0.3851,0.513333,0.345779,1,0,0,0,1,0,0,1,0,0,0,1,0,0,0,4916
432,3,1,0.5275,0.524604,0.5675,0.38061125,1,0,0,0,1,0,0,1,0,0,0,0,1,0,0,5382
433,3,1,0.410833,0.397083,0.407083,0.38061125,1,0,0,0,0,1,0,1,0,0,0,0,0,1,0,4569
434,3,0,0.2875,0.277767,0.35041700000000003,0.22575,1,0,0,0,1,0,0,1,0,0,0,0,0,0,1,4118
435,3,0,0.361739,0.35967,0.476957,0.222587,1,0,0,0,1,0,0,1,1,0,0,0,0,0,0,4911
436,3,1,0.466667,0.459592,0.489167,0.207713,1,0,0,0,1,0,0,1,0,1,0,0,0,0,0,5298
437,3,1,0.565,0.542929,0.6175,0.23695,1,0,0,0,1,0,0,1,0,0,1,0,0,0,0,5847
438,3,1,0.5725,0.548617,0.507083,0.11506199999999997,1,0,0,0,1,0,0,1,0,0,0,1,0,0,0,6312
439,3,1,0.5575,0.532825,0.579583,0.149883,1,0,0,0,1,0,0,1,0,0,0,0,1,0,0,6192
440,3,1,0.435833,0.436229,0.842083,0.113192,1,0,0,0,0,1,0,1,0,0,0,0,0,1,0,4378
441,3,0,0.514167,0.505046,0.755833,0.110704,1,0,0,0,0,1,0,1,0,0,0,0,0,0,1,7836
442,3,0,0.4725,0.464,0.81,0.126883,1,0,0,0,0,1,0,1,1,0,0,0,0,0,0,5892
443,3,1,0.545,0.532821,0.72875,0.16231700000000002,1,0,0,0,1,0,0,1,0,1,0,0,0,0,0,6153
444,3,1,0.560833,0.538533,0.807917,0.121271,1,0,0,0,1,0,0,1,0,0,1,0,0,0,0,6093
445,3,1,0.531667,0.513258,0.82125,0.08955830000000001,0,1,0,0,0,1,0,1,0,0,0,1,0,0,0,6230
446,3,1,0.554167,0.531567,0.83125,0.117562,0,1,0,0,1,0,0,1,0,0,0,0,1,0,0,6871
447,3,1,0.601667,0.570067,0.694167,0.1163,0,1,0,0,0,1,0,1,0,0,0,0,0,1,0,8362
448,3,0,0.5025,0.486733,0.885417,0.192783,0,1,0,0,0,1,0,1,0,0,0,0,0,0,1,3372
449,3,0,0.4375,0.437488,0.880833,0.220775,0,1,0,0,0,1,0,1,1,0,0,0,0,0,0,4996
450,3,1,0.445833,0.43875,0.477917,0.38061125,0,1,0,0,1,0,0,1,0,1,0,0,0,0,0,5558
451,3,1,0.323333,0.315654,0.29,0.187192,0,1,0,0,1,0,0,1,0,0,1,0,0,0,0,5102
452,3,1,0.484167,0.47095,0.48125,0.291671,0,1,0,0,1,0,0,1,0,0,0,1,0,0,0,5698
453,3,1,0.494167,0.482304,0.439167,0.31965,0,1,0,0,1,0,0,1,0,0,0,0,1,0,0,6133
454,3,1,0.37,0.375621,0.580833,0.138067,0,1,0,0,0,1,0,1,0,0,0,0,0,1,0,5459
455,3,0,0.424167,0.421708,0.738333,0.25061700000000003,0,1,0,0,0,1,0,1,0,0,0,0,0,0,1,6235
456,4,0,0.425833,0.417287,0.67625,0.172267,0,1,0,0,0,1,0,1,1,0,0,0,0,0,0,6041
457,4,1,0.433913,0.427513,0.5043479999999999,0.312139,0,1,0,0,1,0,0,1,0,1,0,0,0,0,0,5936
458,4,1,0.466667,0.461483,0.396667,0.100133,0,1,0,0,1,0,0,1,0,0,1,0,0,0,0,6772
459,4,1,0.541667,0.53345,0.469583,0.180975,0,1,0,0,1,0,0,1,0,0,0,1,0,0,0,6436
460,4,1,0.435,0.431163,0.374167,0.219529,0,1,0,0,1,0,0,1,0,0,0,0,1,0,0,6457
461,4,1,0.403333,0.390767,0.377083,0.300388,0,1,0,0,1,0,0,1,0,0,0,0,0,1,0,6460
462,4,0,0.4375,0.426129,0.25416700000000003,0.274871,0,1,0,0,1,0,0,1,0,0,0,0,0,0,1,6857
463,4,0,0.5,0.492425,0.275833,0.232596,0,1,0,0,1,0,0,1,1,0,0,0,0,0,0,5169
464,4,1,0.489167,0.476638,0.3175,0.358196,0,1,0,0,1,0,0,1,0,1,0,0,0,0,0,5585
465,4,1,0.446667,0.436233,0.435,0.249375,0,1,0,0,1,0,0,1,0,0,1,0,0,0,0,5918
466,4,1,0.348696,0.337274,0.469565,0.295274,0,1,0,0,1,0,0,1,0,0,0,1,0,0,0,4862
467,4,1,0.3975,0.387604,0.46625,0.290429,0,1,0,0,1,0,0,1,0,0,0,0,1,0,0,5409
468,4,1,0.4425,0.431808,0.408333,0.155471,0,1,0,0,1,0,0,1,0,0,0,0,0,1,0,6398
469,4,0,0.495,0.487996,0.5029170000000001,0.190917,0,1,0,0,1,0,0,1,0,0,0,0,0,0,1,7460
470,4,0,0.606667,0.573875,0.507917,0.225129,0,1,0,0,1,0,0,1,1,0,0,0,0,0,0,7132
471,4,0,0.664167,0.614925,0.561667,0.284829,0,1,0,0,1,0,0,1,0,1,0,0,0,0,0,6370
472,4,1,0.608333,0.598487,0.390417,0.273629,0,1,0,0,1,0,0,1,0,0,1,0,0,0,0,6691
473,4,1,0.463333,0.457038,0.569167,0.16791199999999998,0,1,0,0,0,1,0,1,0,0,0,1,0,0,0,4367
474,4,1,0.498333,0.493046,0.6125,0.0659292,0,1,0,0,1,0,0,1,0,0,0,0,1,0,0,6565
475,4,1,0.526667,0.515775,0.694583,0.149871,0,1,0,0,1,0,0,1,0,0,0,0,0,1,0,7290
476,4,0,0.57,0.542921,0.682917,0.283587,0,1,0,0,1,0,0,1,0,0,0,0,0,0,1,6624
477,4,0,0.396667,0.389504,0.835417,0.344546,0,1,0,0,0,0,1,1,1,0,0,0,0,0,0,1027
478,4,1,0.321667,0.301125,0.766667,0.303496,0,1,0,0,0,1,0,1,0,1,0,0,0,0,0,3214
479,4,1,0.413333,0.405283,0.454167,0.249383,0,1,0,0,1,0,0,1,0,0,1,0,0,0,0,5633
480,4,1,0.476667,0.470317,0.427917,0.118792,0,1,0,0,1,0,0,1,0,0,0,1,0,0,0,6196
481,4,1,0.498333,0.483583,0.756667,0.176625,0,1,0,0,0,1,0,1,0,0,0,0,1,0,0,5026
482,4,1,0.4575,0.452637,0.400833,0.347633,0,1,0,0,1,0,0,1,0,0,0,0,0,1,0,6233
483,4,0,0.376667,0.377504,0.489583,0.129975,0,1,0,0,0,1,0,1,0,0,0,0,0,0,1,4220
484,4,0,0.458333,0.450121,0.587083,0.116908,0,1,0,0,1,0,0,1,1,0,0,0,0,0,0,6304
485,4,1,0.464167,0.457696,0.57,0.171638,0,1,0,0,0,1,0,1,0,1,0,0,0,0,0,5572
486,5,1,0.613333,0.577021,0.659583,0.156096,0,1,0,0,0,1,0,1,0,0,1,0,0,0,0,5740
487,5,1,0.564167,0.537896,0.797083,0.138058,0,1,0,0,1,0,0,1,0,0,0,1,0,0,0,6169
488,5,1,0.56,0.537242,0.768333,0.133696,0,1,0,0,0,1,0,1,0,0,0,0,1,0,0,6421
489,5,1,0.6275,0.590917,0.735417,0.162938,0,1,0,0,1,0,0,1,0,0,0,0,0,1,0,6296
490,5,0,0.621667,0.584608,0.756667,0.15299200000000002,0,1,0,0,0,1,0,1,0,0,0,0,0,0,1,6883
491,5,0,0.5625,0.546737,0.74,0.14987899999999998,0,1,0,0,0,1,0,1,1,0,0,0,0,0,0,6359
492,5,1,0.5375,0.527142,0.664167,0.230721,0,1,0,0,0,1,0,1,0,1,0,0,0,0,0,6273
493,5,1,0.581667,0.557471,0.685833,0.296029,0,1,0,0,0,1,0,1,0,0,1,0,0,0,0,5728
494,5,1,0.575,0.553025,0.744167,0.216412,0,1,0,0,0,1,0,1,0,0,0,1,0,0,0,4717
495,5,1,0.505833,0.491783,0.552083,0.31406300000000004,0,1,0,0,1,0,0,1,0,0,0,0,1,0,0,6572
496,5,1,0.533333,0.520833,0.360417,0.236937,0,1,0,0,1,0,0,1,0,0,0,0,0,1,0,7030
497,5,0,0.564167,0.544817,0.480417,0.123133,0,1,0,0,1,0,0,1,0,0,0,0,0,0,1,7429
498,5,0,0.6125,0.585238,0.57625,0.225117,0,1,0,0,1,0,0,1,1,0,0,0,0,0,0,6118
499,5,1,0.573333,0.5499,0.789583,0.212692,0,1,0,0,0,1,0,1,0,1,0,0,0,0,0,2843
500,5,1,0.611667,0.576404,0.794583,0.147392,0,1,0,0,0,1,0,1,0,0,1,0,0,0,0,5115
501,5,1,0.636667,0.595975,0.697917,0.122512,0,1,0,0,1,0,0,1,0,0,0,1,0,0,0,7424
502,5,1,0.593333,0.572613,0.52,0.229475,0,1,0,0,1,0,0,1,0,0,0,0,1,0,0,7384
503,5,1,0.564167,0.551121,0.523333,0.136817,0,1,0,0,1,0,0,1,0,0,0,0,0,1,0,7639
504,5,0,0.6,0.566908,0.45625,0.083975,0,1,0,0,1,0,0,1,0,0,0,0,0,0,1,8294
505,5,0,0.620833,0.583967,0.530417,0.254367,0,1,0,0,1,0,0,1,1,0,0,0,0,0,0,7129
506,5,1,0.598333,0.565667,0.81125,0.233204,0,1,0,0,0,1,0,1,0,1,0,0,0,0,0,4359
507,5,1,0.615,0.580825,0.765833,0.118167,0,1,0,0,0,1,0,1,0,0,1,0,0,0,0,6073
508,5,1,0.621667,0.584612,0.774583,0.102,0,1,0,0,0,1,0,1,0,0,0,1,0,0,0,5260
509,5,1,0.655,0.6067,0.716667,0.172896,0,1,0,0,1,0,0,1,0,0,0,0,1,0,0,6770
510,5,1,0.68,0.627529,0.7470829999999999,0.14055,0,1,0,0,1,0,0,1,0,0,0,0,0,1,0,6734
511,5,0,0.6925,0.642696,0.7325,0.198992,0,1,0,0,1,0,0,1,0,0,0,0,0,0,1,6536
512,5,0,0.69,0.641425,0.697083,0.215171,0,1,0,0,1,0,0,1,1,0,0,0,0,0,0,6591
513,5,0,0.7125,0.6793,0.67625,0.196521,0,1,0,0,1,0,0,1,0,1,0,0,0,0,0,6043
514,5,1,0.7225,0.672992,0.6845829999999999,0.2954,0,1,0,0,1,0,0,1,0,0,1,0,0,0,0,5743
515,5,1,0.656667,0.611129,0.67,0.134329,0,1,0,0,0,1,0,1,0,0,0,1,0,0,0,6855
516,5,1,0.68,0.631329,0.492917,0.195279,0,1,0,0,1,0,0,1,0,0,0,0,1,0,0,7338
517,6,1,0.654167,0.607962,0.755417,0.237563,0,1,0,0,0,1,0,1,0,0,0,0,0,1,0,4127
518,6,0,0.583333,0.566288,0.549167,0.186562,0,1,0,0,1,0,0,1,0,0,0,0,0,0,1,8120
519,6,0,0.6025,0.575133,0.493333,0.184087,0,1,0,0,1,0,0,1,1,0,0,0,0,0,0,7641
520,6,1,0.5975,0.578283,0.487083,0.284833,0,1,0,0,1,0,0,1,0,1,0,0,0,0,0,6998
521,6,1,0.540833,0.525892,0.613333,0.209575,0,1,0,0,0,1,0,1,0,0,1,0,0,0,0,7001
522,6,1,0.554167,0.542292,0.61125,0.077125,0,1,0,0,1,0,0,1,0,0,0,1,0,0,0,7055
523,6,1,0.6025,0.569442,0.567083,0.15735,0,1,0,0,1,0,0,1,0,0,0,0,1,0,0,7494
524,6,1,0.649167,0.597862,0.467917,0.17538299999999998,0,1,0,0,1,0,0,1,0,0,0,0,0,1,0,7736
525,6,0,0.710833,0.648367,0.437083,0.144287,0,1,0,0,1,0,0,1,0,0,0,0,0,0,1,7498
526,6,0,0.726667,0.663517,0.538333,0.133721,0,1,0,0,1,0,0,1,1,0,0,0,0,0,0,6598
527,6,1,0.720833,0.659721,0.587917,0.207713,0,1,0,0,0,1,0,1,0,1,0,0,0,0,0,6664
528,6,1,0.6533329999999999,0.597875,0.833333,0.214546,0,1,0,0,0,1,0,1,0,0,1,0,0,0,0,4972
529,6,1,0.655833,0.611117,0.582083,0.343279,0,1,0,0,1,0,0,1,0,0,0,1,0,0,0,7421
530,6,1,0.648333,0.624383,0.569583,0.253733,0,1,0,0,1,0,0,1,0,0,0,0,1,0,0,7363
531,6,1,0.639167,0.599754,0.589583,0.176617,0,1,0,0,1,0,0,1,0,0,0,0,0,1,0,7665
532,6,0,0.631667,0.594708,0.504167,0.166667,0,1,0,0,1,0,0,1,0,0,0,0,0,0,1,7702
533,6,0,0.5925,0.571975,0.59875,0.144904,0,1,0,0,1,0,0,1,1,0,0,0,0,0,0,6978
534,6,1,0.568333,0.544842,0.777917,0.174746,0,1,0,0,0,1,0,1,0,1,0,0,0,0,0,5099
535,6,1,0.688333,0.654692,0.69,0.148017,0,1,0,0,1,0,0,1,0,0,1,0,0,0,0,6825
536,6,1,0.7825,0.720975,0.592083,0.11381199999999997,0,1,0,0,1,0,0,1,0,0,0,1,0,0,0,6211
537,6,1,0.805833,0.752542,0.567917,0.118787,0,0,1,0,1,0,0,1,0,0,0,0,1,0,0,5905
538,6,1,0.7775,0.724121,0.57375,0.182842,0,0,1,0,1,0,0,1,0,0,0,0,0,1,0,5823
539,6,0,0.731667,0.652792,0.534583,0.179721,0,0,1,0,1,0,0,1,0,0,0,0,0,0,1,7458
540,6,0,0.743333,0.674254,0.479167,0.145525,0,0,1,0,1,0,0,1,1,0,0,0,0,0,0,6891
541,6,1,0.7158329999999999,0.654042,0.504167,0.300383,0,0,1,0,1,0,0,1,0,1,0,0,0,0,0,6779
542,6,1,0.630833,0.594704,0.373333,0.347642,0,0,1,0,1,0,0,1,0,0,1,0,0,0,0,7442
543,6,1,0.6975,0.640792,0.36,0.271775,0,0,1,0,1,0,0,1,0,0,0,1,0,0,0,7335
544,6,1,0.749167,0.675512,0.4225,0.17165,0,0,1,0,1,0,0,1,0,0,0,0,1,0,0,6879
545,6,1,0.834167,0.786613,0.48875,0.165417,0,0,1,0,1,0,0,1,0,0,0,0,0,1,0,5463
546,6,0,0.765,0.687508,0.60125,0.161071,0,0,1,0,1,0,0,1,0,0,0,0,0,0,1,5687
547,7,0,0.815833,0.750629,0.51875,0.16852899999999998,0,0,1,0,1,0,0,1,1,0,0,0,0,0,0,5531
548,7,1,0.781667,0.702038,0.447083,0.195267,0,0,1,0,1,0,0,1,0,1,0,0,0,0,0,6227
549,7,1,0.780833,0.70265,0.492083,0.126237,0,0,1,0,1,0,0,1,0,0,1,0,0,0,0,6660
550,7,0,0.789167,0.732337,0.53875,0.13495,0,0,1,0,1,0,0,1,0,0,0,1,0,0,0,7403
551,7,1,0.8275,0.761367,0.457917,0.194029,0,0,1,0,1,0,0,1,0,0,0,0,1,0,0,6241
552,7,1,0.828333,0.752533,0.450833,0.146142,0,0,1,0,1,0,0,1,0,0,0,0,0,1,0,6207
553,7,0,0.861667,0.804913,0.492083,0.163554,0,0,1,0,1,0,0,1,0,0,0,0,0,0,1,4840
554,7,0,0.8225,0.790396,0.57375,0.125629,0,0,1,0,1,0,0,1,1,0,0,0,0,0,0,4672
555,7,1,0.710833,0.654054,0.683333,0.180975,0,0,1,0,0,1,0,1,0,1,0,0,0,0,0,6569
556,7,1,0.720833,0.664796,0.6675,0.15173699999999998,0,0,1,0,0,1,0,1,0,0,1,0,0,0,0,6290
557,7,1,0.716667,0.650271,0.633333,0.15173299999999998,0,0,1,0,1,0,0,1,0,0,0,1,0,0,0,7264
558,7,1,0.7158329999999999,0.654683,0.529583,0.146775,0,0,1,0,1,0,0,1,0,0,0,0,1,0,0,7446
559,7,1,0.731667,0.667933,0.485833,0.08085,0,0,1,0,0,1,0,1,0,0,0,0,0,1,0,7499
560,7,0,0.703333,0.666042,0.699167,0.143679,0,0,1,0,0,1,0,1,0,0,0,0,0,0,1,6969
561,7,0,0.745833,0.705196,0.717917,0.166667,0,0,1,0,1,0,0,1,1,0,0,0,0,0,0,6031
562,7,1,0.763333,0.724125,0.645,0.164187,0,0,1,0,1,0,0,1,0,1,0,0,0,0,0,6830
563,7,1,0.818333,0.755683,0.505833,0.114429,0,0,1,0,1,0,0,1,0,0,1,0,0,0,0,6786
564,7,1,0.793333,0.745583,0.577083,0.137442,0,0,1,0,1,0,0,1,0,0,0,1,0,0,0,5713
565,7,1,0.77,0.714642,0.600417,0.165429,0,0,1,0,1,0,0,1,0,0,0,0,1,0,0,6591
566,7,1,0.665833,0.613025,0.844167,0.208967,0,0,1,0,0,1,0,1,0,0,0,0,0,1,0,5870
567,7,0,0.595833,0.549912,0.865417,0.2133,0,0,1,0,0,0,1,1,0,0,0,0,0,0,1,4459
568,7,0,0.6675,0.623125,0.7625,0.0939208,0,0,1,0,0,1,0,1,1,0,0,0,0,0,0,7410
569,7,1,0.741667,0.690017,0.694167,0.138683,0,0,1,0,1,0,0,1,0,1,0,0,0,0,0,6966
570,7,1,0.750833,0.70645,0.655,0.211454,0,0,1,0,1,0,0,1,0,0,1,0,0,0,0,7592
571,7,1,0.724167,0.654054,0.45,0.1648,0,0,1,0,1,0,0,1,0,0,0,1,0,0,0,8173
572,7,1,0.776667,0.739263,0.5966670000000001,0.28481300000000004,0,0,1,0,1,0,0,1,0,0,0,0,1,0,0,6861
573,7,1,0.781667,0.734217,0.594583,0.15299200000000002,0,0,1,0,1,0,0,1,0,0,0,0,0,1,0,6904
574,7,0,0.755833,0.697604,0.613333,0.15735,0,0,1,0,1,0,0,1,0,0,0,0,0,0,1,6685
575,7,0,0.7216670000000001,0.667933,0.62375,0.170396,0,0,1,0,1,0,0,1,1,0,0,0,0,0,0,6597
576,7,1,0.730833,0.684987,0.66875,0.153617,0,0,1,0,1,0,0,1,0,1,0,0,0,0,0,7105
577,7,1,0.713333,0.662896,0.704167,0.165425,0,0,1,0,1,0,0,1,0,0,1,0,0,0,0,7216
578,8,1,0.7175,0.667308,0.6775,0.141179,0,0,1,0,1,0,0,1,0,0,0,1,0,0,0,7580
579,8,1,0.7525,0.707088,0.659583,0.129354,0,0,1,0,1,0,0,1,0,0,0,0,1,0,0,7261
580,8,1,0.765833,0.722867,0.6425,0.215792,0,0,1,0,0,1,0,1,0,0,0,0,0,1,0,7175
581,8,0,0.793333,0.751267,0.613333,0.257458,0,0,1,0,1,0,0,1,0,0,0,0,0,0,1,6824
582,8,0,0.769167,0.731079,0.6525,0.290421,0,0,1,0,1,0,0,1,1,0,0,0,0,0,0,5464
583,8,1,0.7525,0.710246,0.654167,0.129354,0,0,1,0,0,1,0,1,0,1,0,0,0,0,0,7013
